WeWantPlates,Food
advice,Advice
legaladvice,Advice
AMA,AMA
casualiama,AMA
de_Iama,AMA
ExplainlikeIAmA,AMA
IAmA,AMA
AnimalPorn,Animals
AnimalReddits,Animals
AnimalsBeingBros,Animals
AnimalsBeingDerps,Animals
AnimalsBeingJerks,Animals
animaltextgifs,Animals
babybigcatgifs,Animals
babyelephantgifs,Animals
BeforeNAfterAdoption,Animals
birbs,Animals
birdswitharms,Animals
brushybrushy,Animals
catloaf,Animals
catpictures,Animals
catpranks,Animals
catslaps,Animals
catsstandingup,Animals
CatSubs,Animals
cattaps,Animals
dogberg,Animals
dogpictures,Animals
dogtraining,Animals
foxes,Animals
HybridAnimals,Animals
likeus,Animals
meow_irl,Animals
sloths,Animals
sneks,Animals
startledcats,Animals
stoppedworking,Animals
superbowl,Animals
thecatdimension,Animals
thisismylifemeow,Animals
trashpandas,Animals
TsundereSharks,Animals
whatsthisbug,Animals
WhatsWrongWithYourDog,Animals
woof_irl,Animals
zoomies,Animals
anime,Anime/Manga
animesuggest,Anime/Manga
awwnime,Anime/Manga
manga,Anime/Manga
onepiece,Anime/Manga
pokemon,Anime/Manga
ShingekiNoKyojin,Anime/Manga
yugioh,Anime/Manga
anthropology,Anthropology
Art,Art
artfundamentals,Art
drawing,Art
graffiti,Art
heavymind,Art
learnart,Art
pixelart,Art
redditgetsdrawn,Art
retrofuturism,Art
alternativeart,Arts/Writing
art,Arts/Writing
artporn,Arts/Writing
calligraphy,Arts/Writing
coloringcorruptions,Arts/Writing
crafts,Arts/Writing
DisneyVacation,Arts/Writing
Drawing,Arts/Writing
fountainpens,Arts/Writing
glitch_art,Arts/Writing
restofthefuckingowl,Arts/Writing
screenwriting,Arts/Writing
sketchdaily,Arts/Writing
Writing,Arts/Writing
AutoDetailing,Automotive
autos,Automotive
bmw,Automotive
cars,Automotive
jeep,Automotive
justrolledintotheshop,Automotive
motorcycles,Automotive
roadcam,Automotive
subaru,Automotive
teslamotors,Automotive
arrow,Books/Writing
asoiaf,Books/Writing
bertstrips,Books/Writing
Books,Books/Writing
booksuggestions,Books/Writing
boottoobig,Books/Writing
calvinandhobbes,Books/Writing
comicbooks,Books/Writing
comics,Books/Writing
DCComics,Books/Writing
explainlikeimcalvin,Books/Writing
freefolk,Books/Writing
gameofthrones,Books/Writing
hfy,Books/Writing
lifeofnorman,Books/Writing
literature,Books/Writing
marvel,Books/Writing
poetry,Books/Writing
suggestmeabook,Books/Writing
webcomics,Books/Writing
writing,Books/Writing
WritingPrompts,Books/Writing
xkcd,Books/Writing
Addons4Kodi,Business Tech
amd,Business Tech
Android,Business Tech
AndroidApps,Business Tech
AndroidDev,Business Tech
AndroidGaming,Business Tech
AndroidThemes,Business Tech
apple,Business Tech
applewatch,Business Tech
arduino,Business Tech
blender,Business Tech
chromecast,Business Tech
electronics,Business Tech
gadgets,Business Tech
google,Business Tech
googlepixel,Business Tech
gopro,Business Tech
hardware,Business Tech
hardwareswap,Business Tech
ipad,Business Tech
iphone,Business Tech
kodi,Business Tech
linux,Business Tech
linux_gaming,Business Tech
linux4noobs,Business Tech
mac,Business Tech
nasa,Business Tech
nintendo,Business Tech
nvidia,Business Tech
oneplus,Business Tech
photoshop,Business Tech
raspberry_pi,Business Tech
spacex,Business Tech
surface,Business Tech
trackers,Business Tech
windows,Business Tech
Windows10,Business Tech
celebs,Celebrities
EmmaWatson,Celebrities
jessicanigri,Celebrities
joerogan,Celebrities
onetruegod,Celebrities
actuallesbians,Communities
ADHD,Communities
askgaybros,Communities
babybumps,Communities
bisexual,Communities
gaybros,Communities
gaymers,Communities
introvert,Communities
lgbt,Communities
parenting,Communities
tall,Communities
teachers,Communities
teenagers,Communities
totallynotrobots,Communities
askengineers,Computer Science/Engineering
EngineeringStudents,Computer Science/Engineering
howtohack,Computer Science/Engineering
machinelearning,Computer Science/Engineering
ubuntu,Computer Science/Engineering
conspiracy,Conspiracy
conspiratard,Conspiracy
empiredidnothingwrong,Conspiracy
scp,Conspiracy
skeptic,Conspiracy
UFOs,Conspiracy
cosplaygirls,Cosplay
4PanelCringe,Cringe
amibeingdetained,Cringe
beholdthemasterrace,Cringe
blunderyears,Cringe
ChoosingBeggars,Cringe
corporatefacepalm,Cringe
cringe,Cringe
cringeanarchy,Cringe
cringepics,Cringe
delusionalartists,Cringe
facepalm,Cringe
fatlogic,Cringe
fellowkids,Cringe
gatekeeping,Cringe
iamverybadass,Cringe
iamverysmart,Cringe
ihavesex,Cringe
instant_regret,Cringe
instantbarbarians,Cringe
justneckbeardthings,Cringe
lewronggeneration,Cringe
mallninjashit,Cringe
niceguys,Cringe
oopsdidntmeanto,Cringe
publicfreakout,Cringe
quityourbullshit,Cringe
sadcringe,Cringe
thathappened,Cringe
animalsbeingbros,Cute
animalsbeingjerks,Cute
aww,Cute
Awwducational,Cute
blep,Cute
cats,Cute
corgi,Cute
dogs,Cute
eyebeach,Cute
thisismylifenow,Cute
tippytaps,Cute
DataHoarder,Data
dataisbeautiful,Data
assholedesign,Design
ATBGE,Design
CrappyDesign,Design
designporn,Design
dontdeadopeninside,Design
InteriorDesign,Design
keming,Design
web_design,Design
Bitcoin,Digital Currency
bitcoinmarkets,Digital Currency
btc,Digital Currency
CryptoCurrency,Digital Currency
dogecoin,Digital Currency
ethereum,Digital Currency
ethtrader,Digital Currency
litecoin,Digital Currency
awfuleyebrows,Disgusting/Angering/Scary/Weird (Note: Potentially NSFL)
awwwtf,Disgusting/Angering/Scary/Weird (Note: Potentially NSFL)
Bad_Cop_No_Donut,Disgusting/Angering/Scary/Weird (Note: Potentially NSFL)
creepy,Disgusting/Angering/Scary/Weird (Note: Potentially NSFL)
creepypasta,Disgusting/Angering/Scary/Weird (Note: Potentially NSFL)
DeepIntoYouTube,Disgusting/Angering/Scary/Weird (Note: Potentially NSFL)
fifthworldproblems,Disgusting/Angering/Scary/Weird (Note: Potentially NSFL)
gifsthatendtoosoon,Disgusting/Angering/Scary/Weird (Note: Potentially NSFL)
Glitch_in_the_Matrix,Disgusting/Angering/Scary/Weird (Note: Potentially NSFL)
horror,Disgusting/Angering/Scary/Weird (Note: Potentially NSFL)
imaginarycharacters,Disgusting/Angering/Scary/Weird (Note: Potentially NSFL)
ImaginaryLeviathans,Disgusting/Angering/Scary/Weird (Note: Potentially NSFL)
ImaginaryMindscapes,Disgusting/Angering/Scary/Weird (Note: Potentially NSFL)
ImaginaryMonsters,Disgusting/Angering/Scary/Weird (Note: Potentially NSFL)
imgoingtohellforthis,Disgusting/Angering/Scary/Weird (Note: Potentially NSFL)
lastimages,Disgusting/Angering/Scary/Weird (Note: Potentially NSFL)
mildlyinfuriating,Disgusting/Angering/Scary/Weird (Note: Potentially NSFL)
morbidreality,Disgusting/Angering/Scary/Weird (Note: Potentially NSFL)
nononono,Disgusting/Angering/Scary/Weird (Note: Potentially NSFL)
nosleep,Disgusting/Angering/Scary/Weird (Note: Potentially NSFL)
Paranormal,Disgusting/Angering/Scary/Weird (Note: Potentially NSFL)
peoplefuckingdying,Disgusting/Angering/Scary/Weird (Note: Potentially NSFL)
rage,Disgusting/Angering/Scary/Weird (Note: Potentially NSFL)
serialkillers,Disgusting/Angering/Scary/Weird (Note: Potentially NSFL)
shortscarystories,Disgusting/Angering/Scary/Weird (Note: Potentially NSFL)
streetfights,Disgusting/Angering/Scary/Weird (Note: Potentially NSFL)
submechanophobia,Disgusting/Angering/Scary/Weird (Note: Potentially NSFL)
thalassophobia,Disgusting/Angering/Scary/Weird (Note: Potentially NSFL)
TheDepthsBelow,Disgusting/Angering/Scary/Weird (Note: Potentially NSFL)
toosoon,Disgusting/Angering/Scary/Weird (Note: Potentially NSFL)
trashy,Disgusting/Angering/Scary/Weird (Note: Potentially NSFL)
wellthatsucks,Disgusting/Angering/Scary/Weird (Note: Potentially NSFL)
whatcouldgowrong,Disgusting/Angering/Scary/Weird (Note: Potentially NSFL)
WhyWereTheyFilming,Disgusting/Angering/Scary/Weird (Note: Potentially NSFL)
WTF,Disgusting/Angering/Scary/Weird (Note: Potentially NSFL)
wtfstockphotos,Disgusting/Angering/Scary/Weird (Note: Potentially NSFL)
yesyesyesyesno,Disgusting/Angering/Scary/Weird (Note: Potentially NSFL)
beer,Drugs
cocktails,Drugs
drugs,Drugs
drunk,Drugs
eldertrees,Drugs
electronic_cigarette,Drugs
homebrewing,Drugs
leaves,Drugs
LSD,Drugs
marijuana,Drugs
microgrowery,Drugs
Nootropics,Drugs
scotch,Drugs
stonerengineering,Drugs
stopdrinking,Drugs
stopsmoking,Drugs
trees,Drugs
Vaping,Drugs
vaporents,Drugs
wine,Drugs
business,Economics
Economics,Economics
entrepreneur,Economics
marketing,Economics
smallbusiness,Economics
stockmarket,Economics
stocks,Economics
wallstreetbets,Economics
environment,Environment
backpacking,Exercise/Health
bicycling,Exercise/Health
bjj,Exercise/Health
bodybuilding,Exercise/Health
bodyweightfitness,Exercise/Health
c25k,Exercise/Health
climbing,Exercise/Health
crossfit,Exercise/Health
Fitness,Exercise/Health
flexibility,Exercise/Health
gainit,Exercise/Health
health,Exercise/Health
keto,Exercise/Health
ketogains,Exercise/Health
leangains,Exercise/Health
loseit,Exercise/Health
LucidDreaming,Exercise/Health
Medicine,Exercise/Health
meditation,Exercise/Health
paleo,Exercise/Health
powerlifting,Exercise/Health
progresspics,Exercise/Health
running,Exercise/Health
skateboarding,Exercise/Health
skiing,Exercise/Health
swoleacceptance,Exercise/Health
vegetarian,Exercise/Health
WeightRoom,Exercise/Health
yoga,Exercise/Health
ZenHabits,Exercise/Health
actlikeyoubelong,Fake it til you make it
irlsmurfing,Fake it til you make it
AsianBeauty,Fashion/Beauty
badtattoos,Fashion/Beauty
beards,Fashion/Beauty
curlyhair,Fashion/Beauty
FancyFollicles,Fashion/Beauty
fashion,Fashion/Beauty
FashionReps,Fashion/Beauty
makeupaddiction,Fashion/Beauty
malefashionadvice,Fashion/Beauty
RedditLaqueristas,Fashion/Beauty
repsneakers,Fashion/Beauty
SkincareAddiction,Fashion/Beauty
sneakers,Fashion/Beauty
streetwear,Fashion/Beauty
supremeclothing,Fashion/Beauty
tattoo,Fashion/Beauty
tattoos,Fashion/Beauty
thriftstorehauls,Fashion/Beauty
wicked_edge,Fashion/Beauty
1200isplenty,Food
askculinary,Food
baking,Food
bbq,Food
breadit,Food
Cheap_Meals,Food
coffee,Food
cooking,Food
cookingforbeginners,Food
eatsandwiches,Food
fitmeals,Food
food,Food
foodhacks,Food
gifrecipes,Food
grilledcheese,Food
HealthyFood,Food
ketorecipes,Food
mealprepsunday,Food
mealtimevideos,Food
nutrition,Food
pizza,Food
ramen,Food
recipes,Food
slowcooking,Food
tea,Food
vegan,Food
veganrecipes,Food
coupons,Free Stuff
dealsreddit,Free Stuff
efreebies,Free Stuff
freebies,Free Stuff
freeEbooks,Free Stuff
freegamesonsteam,Free Stuff
fullmoviesonvimeo,Free Stuff
fullmoviesonyoutube,Free Stuff
googleplaydeals,Free Stuff
megalinks,Free Stuff
opendirectories,Free Stuff
Random_Acts_Of_Pizza,Free Stuff
randomactsofgaming,Free Stuff
boardgames,Games
chess,Games
DnD,Games
DnDBehindTheScreen,Games
DnDGreentext,Games
dndnext,Games
lego,Games
magicTCG,Games
poker,Games
rpg,Games
scenesfromahat,Games
whowouldwin,Games
wouldyourather,Games
abrathatfits,Gender
askmen,Gender
askwomen,Gender
badwomensanatomy,Gender
everymanshouldknow,Gender
femalefashionadvice,Gender
frugalmalefashion,Gender
LadyBoners,Gender
malefashion,Gender
MaleFashionAdvice,Gender
malehairadvice,Gender
malelifestyle,Gender
malelivingspace,Gender
TheGirlSurvivalGuide,Gender
TrollXChromosomes,Gender
trollychromosome,Gender
TwoXChromosomes,Gender
xxfitness,Gender
accounting,General
aquariums,General
architecture,General
awesome,General
battlestations,General
casualconversation,General
changemyview,General
college,General
CoolGuides,General
cosplay,General
crazyideas,General
crochet,General
digitalnomad,General
Disney,General
DIY,General
DoesAnybodyElse,General
EDC,General
education,General
educationalgifs,General
entertainment,General
explainlikeIAmA,General
ExplainLikeImCalvin,General
explainlikeimfive,General
fantheories,General
FastWorkers,General
Foodforthought,General
geek,General
homeautomation,General
homeimprovement,General
homelab,General
howto,General
howtonotgiveafuck,General
ifyoulikeblank,General
IWantToLearn,General
knitting,General
LearnUselessTalents,General
lectures,General
lifehacks,General
LifeProTips,General
modelmakers,General
obscuremedia,General
preppers,General
ProtectAndServe,General
quotes,General
rainmeter,General
RTLSDR,General
sewing,General
ShowerThoughts,General
simpleliving,General
somethingimade,General
tinyhouses,General
TipOfMyPenis,General
tipofmytongue,General
TipOfMyTongue,General
todayilearned,General
TrueReddit,General
UnethicalLifeProTips,General
UniversityofReddit,General
vandwellers,General
woodworking,General
WorldBuilding,General
YouShouldKnow,General
3amjokes,General Humor
accidentalcomedy,General Humor
antijokes,General Humor
ChildrenFallingOver,General Humor
ComedyCemetery,General Humor
contagiouslaughter,General Humor
dadjokes,General Humor
dadreflexes,General Humor
funny,General Humor
funnyandsad,General Humor
humor,General Humor
Jokes,General Humor
kenm,General Humor
meanjokes,General Humor
prematurecelebration,General Humor
ProgrammerHumor,General Humor
punny,General Humor
puns,General Humor
standupcomedy,General Humor
standupshots,General Humor
WordAvalanches,General Humor
asksciencefiction,Genres
cyberpunk,Genres
fantasy,Genres
sciencefiction,Genres
scifi,Genres
startrek,Genres
zombies,Genres
Allsvenskan,Geography
ANormalDayInRussia,Geography
argentina,Geography
atlanta,Geography
austin,Geography
australia,Geography
bayarea,Geography
belgium,Geography
boston,Geography
brasil,Geography
britishproblems,Geography
california,Geography
canada,Geography
chicago,Geography
de,Geography
denmark,Geography
denver,Geography
europe,Geography
france,Geography
houston,Geography
india,Geography
intresseklubben,Geography
ireland,Geography
italy,Geography
japan,Geography
japanpics,Geography
kpop,Geography
LocationReddits,Geography
london,Geography
losangeles,Geography
melbourne,Geography
mexico,Geography
MURICA,Geography
newzealand,Geography
norge,Geography
nyc,Geography
philadelphia,Geography
Philippines,Geography
polandball,Geography
polska,Geography
portland,Geography
pyongyang,Geography
romania,Geography
sanfrancisco,Geography
seattle,Geography
singapore,Geography
spop,Geography
suomi,Geography
svenskpolitik,Geography
SWARJE,Geography
sweden,Geography
swedishproblems,Geography
texas,Geography
thenetherlands,Geography
toronto,Geography
unitedkingdom,Geography
vancouver,Geography
vexillology,Geography
washingtondc,Geography
youseecomrade,Geography
behindthegifs,Gifs
bettereveryloop,Gifs
blackpeoplegifs,Gifs
combinedgifs,Gifs
gif,Gifs
gifextra,Gifs
gifs,Gifs
gifsound,Gifs
gifsthatkeepongiving,Gifs
highqualitygifs,Gifs
mechanical_gifs,Gifs
michaelbaygifs,Gifs
noisygifs,Gifs
physicsgifs,Gifs
reactiongifs,Gifs
retiredgif,Gifs
WastedGifs,Gifs
weathergifs,Gifs
whitepeoplegifs,Gifs
wholesomegifs,Gifs
ar15,Guns/Combat
combatfootage,Guns/Combat
firearms,Guns/Combat
gundeals,Guns/Combat
guns,Guns/Combat
military,Guns/Combat
militarygfys,Guns/Combat
MilitaryPorn,Guns/Combat
100yearsago,History
AskHistorians,History
badhistory,History
ColorizedHistory,History
history,History
historynetwork,History
PropagandaPosters,History
holdmybeaker,Hold My ____
holdmybeer,Hold My ____
holdmycatnip,Hold My ____
holdmycosmo,Hold My ____
holdmyfries,Hold My ____
holdmyjuicebox,Hold My ____
holdmyredbull,Hold My ____
asiancuties,Images
beamazed,Images
damnthatsinteresting,Images
ExpectationVSReality,Images
FifthWorldPics,Images
fitandnatural,Images
gentlemanboners,Images
girlsmirin,Images
goddesses,Images
hardbodies,Images
interestingasfuck,Images
mildlyinteresting,Images
nocontextpics,Images
Offensive_Wallpapers,Images
Pareidolia,Images
perfecttiming,Images
PhotoshopBattles,Images
pic,Images
pics,Images
prettygirls,Images
rateme,Images
reallifedoodles,Images
roastme,Images
shorthairedhotties,Images
thinspo,Images
uglyduckling,Images
wallpaper,Images
wallpapers,Images
4chan,Internet
amazontoprated,Internet
bannedfromclubpenguin,Internet
bestofworldstar,Internet
blackpeopletwitter,Internet
CGPGrey,Internet
Classic4chan,Internet
creepyPMs,Internet
cynicalbrit,Internet
darknetmarkets,Internet
defranco,Internet
facebookwins,Internet
funhaus,Internet
gamegrumps,Internet
greentext,Internet
h3h3productions,Internet
Idubbbz,Internet
indianpeoplefacebook,Internet
insanepeoplefacebook,Internet
InternetIsBeautiful,Internet
jontron,Internet
KenM,Internet
KotakuInAction,Internet
livestreamfail,Internet
OkCupid,Internet
oldpeoplefacebook,Internet
podcasts,Internet
roosterteeth,Internet
rwby,Internet
savedyouaclick,Internet
scottishpeopletwitter,Internet
serialpodcast,Internet
tumblr,Internet
tumblrinaction,Internet
twitch,Internet
WhitePeopleTwitter,Internet
wholesomebpt,Internet
wikipedia,Internet
yogscast,Internet
youtube,Internet
YoutubeHaiku,Internet
cscareerquestions,Job finding
forhire,Job finding
Jobs,Job finding
workonline,Job finding
languagelearning,Language
learnjapanese,Language
linguistics,Language
law,Law
math,Math
theydidthemath,Math
medicalschool,Medicine
2meirl4meirl,Memes/Rage comics
AdviceAnimals,Memes/Rage comics
anime_irl,Memes/Rage comics
BikiniBottomTwitter,Memes/Rage comics
bonehurtingjuice,Memes/Rage comics
copypasta,Memes/Rage comics
dank_meme,Memes/Rage comics
dankchristianmemes,Memes/Rage comics
dankmemes,Memes/Rage comics
deepfriedmemes,Memes/Rage comics
Demotivational,Memes/Rage comics
emojipasta,Memes/Rage comics
fffffffuuuuuuuuuuuu,Memes/Rage comics
iiiiiiitttttttttttt,Memes/Rage comics
lolcats,Memes/Rage comics
madlads,Memes/Rage comics
me_irl,Memes/Rage comics
meirl,Memes/Rage comics
memeeconomy,Memes/Rage comics
memes,Memes/Rage comics
Overwatch_Memes,Memes/Rage comics
prequelmemes,Memes/Rage comics
rarepuppers,Memes/Rage comics
see,Memes/Rage comics
SequelMemes,Memes/Rage comics
starterpacks,Memes/Rage comics
supershibe,Memes/Rage comics
surrealmemes,Memes/Rage comics
terriblefacebookmemes,Memes/Rage comics
TooMeIrlForMeIrl,Memes/Rage comics
trebuchetmemes,Memes/Rage comics
trippinthroughtime,Memes/Rage comics
wholesomememes,Memes/Rage comics
alienblue,Meta
announcements,Meta
baconit,Meta
baconreader,Meta
beetlejuicing,Meta
bestof,Meta
bestoflegaladvice,Meta
BestOfReports,Meta
beta,Meta
blog,Meta
Circlejerk,Meta
DepthHub,Meta
DiWHY,Meta
Enhancement,Meta
evenwithcontext,Meta
findareddit,Meta
frugal_jerk,Meta
jesuschristreddit,Meta
karmaconspiracy,Meta
karmacourt,Meta
modnews,Meta
MuseumOfReddit,Meta
newreddits,Meta
nocontext,Meta
ofcoursethatsathing,Meta
OutOfTheLoop,Meta
redditsync,Meta
relayforreddit,Meta
SecretSanta,Meta
ShitAmericansSay,Meta
ShitRedditSays,Meta
SubredditDrama,Meta
subredditoftheday,Meta
subredditsimmeta,Meta
subredditsimulator,Meta
theoryofreddit,Meta
threadkillers,Meta
titlegore,Meta
tldr,Meta
undelete,Meta
wowthissubexists,Meta
asmr,Mind blowing
frisson,Mind blowing
VaporwaveAesthetics,Mind blowing
woahdude,Mind blowing
Anticonsumption,Money
apphookup,Money
beermoney,Money
budgetfood,Money
BuyItForLife,Money
cheap_meals,Money
churning,Money
crappyoffbrands,Money
EatCheapAndHealthy,Money
economy,Money
Entrepreneur,Money
ethtrade,Money
finance,Money
financialindependence,Money
flipping,Money
frugal,Money
Frugal_Jerk,Money
INEEEEDIT,Money
investing,Money
millionairemakers,Money
PersonalFinance,Money
realestate,Money
shouldibuythisgame,Money
shutupandtakemymoney,Money
startups,Money
batman,Movies
continuityporn,Movies
DC_Cinematic,Movies
documentaries,Movies
harrypotter,Movies
lotr,Movies
moviedetails,Movies
movies,Movies
moviesinthemaking,Movies
starwars,Movies
truefilm,Movies
bass,Music
classicalmusic,Music
dubstep,Music
EDM,Music
edmproduction,Music
electronicmusic,Music
fakealbumcovers,Music
futurebeats,Music
gamemusic,Music
gorillaz,Music
guitar,Music
guitarlessons,Music
hiphopheads,Music
indieheads,Music
jazz,Music
kanye,Music
KendrickLamar,Music
listentothis,Music
mashups,Music
metal,Music
music,Music
musictheory,Music
outrun,Music
piano,Music
radiohead,Music
spotify,Music
trap,Music
vaporwave,Music
WeAreTheMusicMakers,Music
bonsai,Nature
earthporn,Nature
hardcoreaww,Nature
heavyseas,Nature
hitmanimals,Nature
marijuanaenthusiasts,Nature
mycology,Nature
Natureisbrutal,Nature
natureisfuckinglit,Nature
natureismetal,Nature
succulents,Nature
anarchism,News/Politics
bidenbro,News/Politics
conservative,News/Politics
energy,News/Politics
enoughtrumpspam,News/Politics
esist,News/Politics
feminism,News/Politics
floridaman,News/Politics
gamernews,News/Politics
geopolitics,News/Politics
HillaryForPrison,News/Politics
latestagecapitalism,News/Politics
Libertarian,News/Politics
MarchAgainstTrump,News/Politics
MensRights,News/Politics
neutralpolitics,News/Politics
news,News/Politics
nottheonion,News/Politics
offbeat,News/Politics
political_revolution,News/Politics
politicaldiscussion,News/Politics
politicalhumor,News/Politics
Politics,News/Politics
SandersForPresident,News/Politics
socialism,News/Politics
syriancivilwar,News/Politics
thanksobama,News/Politics
the_donald,News/Politics
TinyTrumps,News/Politics
TrumpCriticizesTrump,News/Politics
trumpgret,News/Politics
ukpolitics,News/Politics
uncensorednews,News/Politics
UpliftingNews,News/Politics
wikileaks,News/Politics
worldnews,News/Politics
worldpolitics,News/Politics
forwardsfromgrandma,Nostalgia/Time
nostalgia,Nostalgia/Time
OldSchoolCool,Nostalgia/Time
TheWayWeWere,Nostalgia/Time
vinyl,Nostalgia/Time
camping,Outdoors
campingandhiking,Outdoors
gardening,Outdoors
hiking,Outdoors
homestead,Outdoors
MTB,Outdoors
survival,Outdoors
ultralight,Outdoors
urbanexploration,Outdoors
AccidentalRenaissance,Parodies
bollywoodrealism,Parodies
coaxedintoasnafu,Parodies
fakehistoryporn,Parodies
firstworldanarchists,Parodies
hailcorporate,Parodies
im14andthisisdeep,Parodies
maliciouscompliance,Parodies
montageparodies,Parodies
OSHA,Parodies
outside,Parodies
unexpectedthuglife,Parodies
wheredidthesodago,Parodies
youdontsurf,Parodies
analog,Photography/Film
astrophotography,Photography/Film
Filmmakers,Photography/Film
itookapicture,Photography/Film
photocritique,Photography/Film
photography,Photography/Film
aviation,Planes
flying,Planes
excel,Programming
java,Programming
javascript,Programming
learnprogramming,Programming
learnpython,Programming
programming,Programming
python,Programming
unity3d,Programming
psychology,Psychology
amiugly,Question/Answer
answers,Question/Answer
askhistorians,Question/Answer
AskOuija,Question/Answer
askredditafterdark,Question/Answer
AskScienceFiction,Question/Answer
AskSocialScience,Question/Answer
NoStupidQuestions,Question/Answer
samplesize,Question/Answer
ShittyAskScience,Question/Answer
TrueAskReddit,Question/Answer
whatisthisthing,Question/Answer
childfree,Relationships/Sex
daddit,Relationships/Sex
dating_advice,Relationships/Sex
deadbedrooms,Relationships/Sex
dirtyr4r,Relationships/Sex
incest,Relationships/Sex
justnomil,Relationships/Sex
nofap,Relationships/Sex
OKCupid,Relationships/Sex
Parenting,Relationships/Sex
polyamory,Relationships/Sex
r4r,Relationships/Sex
raisedbynarcissists,Relationships/Sex
relationship_advice,Relationships/Sex
relationships,Relationships/Sex
seduction,Relationships/Sex
sex,Relationships/Sex
socialengineering,Relationships/Sex
socialskills,Relationships/Sex
theredpill,Relationships/Sex
Tinder,Relationships/Sex
weddingplanning,Relationships/Sex
askphilosophy,Religion/Beliefs
atheism,Religion/Beliefs
Buddhism,Religion/Beliefs
Christianity,Religion/Beliefs
exmormon,Religion/Beliefs
occult,Religion/Beliefs
philosophy,Religion/Beliefs
Psychonaut,Religion/Beliefs
Stoicism,Religion/Beliefs
trueatheism,Religion/Beliefs
AskScience,Science
astronomy,Science
biology,Science
chemicalreactiongifs,Science
chemistry,Science
cogsci,Science
everythingscience,Science
medicine,Science
physics,Science
Science,Science
Space,Science
3Dprinting,Self-Improvement
buildapc,Self-Improvement
cableporn,Self-Improvement
compsci,Self-Improvement
crackwatch,Self-Improvement
DecidingToBeBetter,Self-Improvement
design,Self-Improvement
engineering,Self-Improvement
EngineeringPorn,Self-Improvement
futurology,Self-Improvement
gamedev,Self-Improvement
getdisciplined,Self-Improvement
GetMotivated,Self-Improvement
GetStudying,Self-Improvement
hacking,Self-Improvement
happy,Self-Improvement
happycrowds,Self-Improvement
imaginarytechnology,Self-Improvement
infographics,Self-Improvement
internetisbeautiful,Self-Improvement
iwantout,Self-Improvement
jailbreak,Self-Improvement
mademesmile,Self-Improvement
netsec,Self-Improvement
networking,Self-Improvement
onions,Self-Improvement
pcmasterrace,Self-Improvement
php,Self-Improvement
piracy,Self-Improvement
privacy,Self-Improvement
productivity,Self-Improvement
selfimprovement,Self-Improvement
simulated,Self-Improvement
sportsarefun,Self-Improvement
talesfromtechsupport,Self-Improvement
tech,Self-Improvement
technology,Self-Improvement
torrents,Self-Improvement
unixporn,Self-Improvement
adporn,SFWPorn Network
adrenalineporn,SFWPorn Network
animalporn,SFWPorn Network
ArchitecturePorn,SFWPorn Network
artefactporn,SFWPorn Network
ArtPorn,SFWPorn Network
carporn,SFWPorn Network
destructionporn,SFWPorn Network
EarthPorn,SFWPorn Network
ExposurePorn,SFWPorn Network
FoodPorn,SFWPorn Network
futureporn,SFWPorn Network
gunporn,SFWPorn Network
HistoryPorn,SFWPorn Network
humanporn,SFWPorn Network
illusionporn,SFWPorn Network
InfrastructurePorn,SFWPorn Network
JusticePorn,SFWPorn Network
machineporn,SFWPorn Network
MapPorn,SFWPorn Network
militaryporn,SFWPorn Network
movieposterporn,SFWPorn Network
QuotesPorn,SFWPorn Network
sfwpornnetwork,SFWPorn Network
shockwaveporn,SFWPorn Network
skyporn,SFWPorn Network
SpacePorn,SFWPorn Network
ThingsCutInHalfPorn,SFWPorn Network
VillagePorn,SFWPorn Network
waterporn,SFWPorn Network
crappydesign,Shitty
Shitty_Car_Mods,Shitty
shittyadvice,Shitty
shittyaskscience,Shitty
shittyfoodporn,Shitty
shittykickstarters,Shitty
ShittyLifeProTips,Shitty
shittyreactiongifs,Shitty
shittyrobots,Shitty
audioengineering,Sound
audiophile,Sound
headphones,Sound
apocalympics2016,Sports
baseball,Sports
boxing,Sports
Bundesliga,Sports
CFB,Sports
chelseafc,Sports
collegebasketball,Sports
discgolf,Sports
eagles,Sports
fantasyfootball,Sports
fishing,Sports
formula1,Sports
futbol,Sports
golf,Sports
greenbaypackers,Sports
gunners,Sports
hockey,Sports
LiverpoolFC,Sports
longboarding,Sports
mlb,Sports
MLS,Sports
MMA,Sports
nba,Sports
nbastreams,Sports
nfl,Sports
nflstreams,Sports
nhl,Sports
nhlstreams,Sports
olympics,Sports
patriots,Sports
reddevils,Sports
rugbyunion,Sports
snowboarding,Sports
soccer,Sports
soccerstreams,Sports
sports,Sports
squaredcircle,Sports
tennis,Sports
theocho,Sports
ufc,Sports
warriors,Sports
worldcup,Sports
wwe,Sports
confession,Stories
fatpeoplestories,Stories
idontworkherelady,Stories
KitchenConfidential,Stories
LetsNotMeet,Stories
pettyrevenge,Stories
prorevenge,Stories
self,Stories
talesfromretail,Stories
TalesFromTheFrontDesk,Stories
TalesFromThePizzaGuy,Stories
TalesFromYourServer,Stories
techsupportmacgyver,Stories
thetruthishere,Stories
tifu,Stories
UnresolvedMysteries,Stories
UnsolvedMysteries,Stories
Anxiety,Support
depression,Support
foreveralone,Support
offmychest,Support
socialanxiety,Support
SuicideWatch,Support
buildapcforme,Tech Related
buildapcsales,Tech Related
coding,Tech Related
cpp,Tech Related
dailyprogrammer,Tech Related
graphic_design,Tech Related
itsaunixsystem,Tech Related
mechanicalkeyboards,Tech Related
plex,Tech Related
programmerhumor,Tech Related
reverseengineering,Tech Related
softwaregore,Tech Related
sysadmin,Tech Related
techsupport,Tech Related
techsupportgore,Tech Related
webdev,Tech Related
knives,Tools
lockpicking,Tools
specializedtools,Tools
watches,Tools
solotravel,Travel
travel,Travel
AdventureTime,TV
AmericanHorrorStory,TV
ArcherFX,TV
arresteddevelopment,TV
bestofnetflix,TV
BetterCallSaul,TV
bigbrother,TV
blackmirror,TV
BobsBurgers,TV
BoJackHorseman,TV
BreakingBad,TV
community,TV
cordcutters,TV
dbz,TV
doctorwho,TV
DunderMifflin,TV
FilthyFrank,TV
firefly,TV
FlashTV,TV
futurama,TV
gallifrey,TV
GameOfThrones,TV
gravityfalls,TV
HIMYM,TV
houseofcards,TV
IASIP,TV
japanesegameshows,TV
MakingaMurderer,TV
marvelstudios,TV
mrrobot,TV
mylittlepony,TV
naruto,TV
Netflix,TV
NetflixBestOf,TV
onepunchman,TV
orangeisthenewblack,TV
PandR,TV
Pokemon,TV
redditwritesseinfeld,TV
rickandmorty,TV
rupaulsdragrace,TV
seinfeld,TV
Sherlock,TV
shield,TV
siliconvalleyhbo,TV
southpark,TV
StarTrek,TV
stevenuniverse,TV
strangerthings,TV
supernatural,TV
Television,TV
thegrandtour,TV
TheLastAirbender,TV
TheSimpsons,TV
thewalkingdead,TV
topgear,TV
trailerparkboys,TV
TrueDetective,TV
twinpeaks,TV
westworld,TV
blackmagicfuckery,Unexpected
misleadingthumbnails,Unexpected
unexpected,Unexpected
unexpectedjihad,Unexpected
UnexpectedThugLife,Unexpected
artisanvideos,Videos
nottimanderic,Videos
videos,Videos
youtubehaiku,Videos
AbandonedPorn,Visually Appealing
AccidentalWesAnderson,Visually Appealing
AmateurRoomPorn,Visually Appealing
breathinginformation,Visually Appealing
Cinemagraphs,Visually Appealing
CityPorn,Visually Appealing
cozyplaces,Visually Appealing
DesignPorn,Visually Appealing
desirepath,Visually Appealing
eyebleach,Visually Appealing
humansbeingbros,Visually Appealing
ImaginaryLandscapes,Visually Appealing
minimalism,Visually Appealing
mostbeautiful,Visually Appealing
nevertellmetheodds,Visually Appealing
nonononoyes,Visually Appealing
OddlySatisfying,Visually Appealing
penmanshipporn,Visually Appealing
perfectfit,Visually Appealing
perfectloops,Visually Appealing
powerwashingporn,Visually Appealing
raining,Visually Appealing
RoomPorn,Visually Appealing
slygifs,Visually Appealing
tiltshift,Visually Appealing
typography,Visually Appealing
unstirredpaint,Visually Appealing
2healthbars,Weird Feelings/Categorize Later
AskReddit,Weird Feelings/Categorize Later
battlefield3,Weird Feelings/Categorize Later
BestOfStreamingVideo,Weird Feelings/Categorize Later
bitchimabus,Weird Feelings/Categorize Later
CatastrophicFailure,Weird Feelings/Categorize Later
collapse,Weird Feelings/Categorize Later
confusing_perspective,Weird Feelings/Categorize Later
csgobetting,Weird Feelings/Categorize Later
drunkorakid,Weird Feelings/Categorize Later
evilbuildings,Weird Feelings/Categorize Later
fatpeoplehate,Weird Feelings/Categorize Later
fifthworldpics,Weird Feelings/Categorize Later
fiftyfifty,Weird Feelings/Categorize Later
firstworldproblems,Weird Feelings/Categorize Later
greendawn,Weird Feelings/Categorize Later
hadtohurt,Weird Feelings/Categorize Later
historicalwhatif,Weird Feelings/Categorize Later
hmmm,Weird Feelings/Categorize Later
idiotsfightingthings,Weird Feelings/Categorize Later
idiotsincars,Weird Feelings/Categorize Later
instantkarma,Weird Feelings/Categorize Later
Justfuckmyshitup,Weird Feelings/Categorize Later
justiceserved,Weird Feelings/Categorize Later
MandelaEffect,Weird Feelings/Categorize Later
mildlypenis,Weird Feelings/Categorize Later
mindcrack,Weird Feelings/Categorize Later
mypeopleneedme,Weird Feelings/Categorize Later
notinteresting,Weird Feelings/Categorize Later
notmyjob,Weird Feelings/Categorize Later
place,Weird Feelings/Categorize Later
punchablefaces,Weird Feelings/Categorize Later
pussypassdenied,Weird Feelings/Categorize Later
reddit.com,Weird Feelings/Categorize Later
redditdayof,Weird Feelings/Categorize Later
slavs_squatting,Weird Feelings/Categorize Later
sweatypalms,Weird Feelings/Categorize Later
the_pack,Weird Feelings/Categorize Later
TheBestOfAmazon,Weird Feelings/Categorize Later
thebutton,Weird Feelings/Categorize Later
thefappening,Weird Feelings/Categorize Later
therewasanattempt,Weird Feelings/Categorize Later
thingsforants,Weird Feelings/Categorize Later
twitchplayspokemon,Weird Feelings/Categorize Later
UNBGBBIIVCHIDCTIICBG,Weird Feelings/Categorize Later
whatsinthisthing,Weird Feelings/Categorize Later
youseeingthisshit,Weird Feelings/Categorize Later
